{
	"credit": "Made with Blockbench and Made by GNamimates",
	"textures": {
		"particle": "#texture"
	},
	"elements": [
		{
			"name": "Center post",
			"from": [6, -0.03, 6],
			"to": [10, 15.97, 10],
			"faces": {
				"north": {"uv": [0, 0, 4, 16], "texture": "#texture"},
				"east": {"uv": [4, 0, 8, 16], "texture": "#texture"},
				"south": {"uv": [8, 0, 12, 16], "texture": "#texture"},
				"west": {"uv": [12, 0, 16, 16], "texture": "#texture"},
				"down": {"uv": [12, 12, 16, 16], "texture": "#texture"}
			}
		},
		{
			"name": "Center post",
			"from": [6, 15.97, 6],
			"to": [10, 25.97, 10],
			"faces": {
				"north": {"uv": [0, 6, 4, 16], "texture": "#texture"},
				"east": {"uv": [4, 6, 8, 16], "texture": "#texture"},
				"south": {"uv": [8, 6, 12, 16], "texture": "#texture"},
				"west": {"uv": [12, 6, 16, 16], "texture": "#texture"},
				"up": {"uv": [0, 0, 4, 4], "texture": "#texture"}
			}
		}
	]
}