{
	"credit": "Made with Blockbench and Made by GNamimates",
	"elements": [
		{
			"name": "top bar",
			"from": [7.5, 12, 0],
			"to": [8.5, 15, 8],
			"faces": {
				"north": {"uv": [7, 1, 8, 4], "texture": "#scaffold", "cullface": "north"},
				"east": {"uv": [0, 1, 8, 4], "texture": "#scaffold"},
				"west": {"uv": [0, 1, 8, 4], "texture": "#scaffold"},
				"up": {"uv": [7, 0, 8, 8], "texture": "#scaffold"},
				"down": {"uv": [7, 0, 8, 8], "texture": "#scaffold"}
			}
		},
		{
			"name": "lower bar",
			"from": [7.5, 6, 0],
			"to": [8.5, 9, 8],
			"faces": {
				"north": {"uv": [7, 9, 8, 12], "texture": "#scaffold", "cullface": "north"},
				"east": {"uv": [0, 9, 8, 12], "texture": "#scaffold"},
				"west": {"uv": [0, 9, 8, 12], "texture": "#scaffold"},
				"up": {"uv": [7, 2, 8, 10], "texture": "#scaffold"},
				"down": {"uv": [7, 2, 8, 10], "texture": "#scaffold"}
			}
		},
		{
			"from": [7, 0, 1],
			"to": [9, 16, 7],
			"faces": {
				"north": {"uv": [0, 0, 2, 16], "texture": "#wall"},
				"east": {"uv": [0, 0, 6, 16], "texture": "#wall"},
				"south": {"uv": [0, 0, 2, 16], "texture": "#wall"},
				"west": {"uv": [0, 0, 6, 16], "texture": "#wall"},
				"down": {"uv": [0, 0, 2, 6], "texture": "#wall"}
			}
		},
		{
			"from": [7, 15.97, 1],
			"to": [9, 23.97, 7],
			"faces": {
				"north": {"uv": [0, 8, 2, 16], "texture": "#wall"},
				"east": {"uv": [0, 8, 6, 16], "texture": "#wall"},
				"south": {"uv": [0, 8, 2, 16], "texture": "#wall"},
				"west": {"uv": [0, 8, 6, 16], "texture": "#wall"},
				"up": {"uv": [0, 10, 2, 16], "texture": "#wall"}
			}
		}
	]
}