{
	"credit": "Made with Blockbench and Made by GNamimates",
	"textures": {
		"particle": "#texture"
	},
	"elements": [
		{
			"name": "top bar",
			"from": [0, 8, 7.5],
			"to": [16, 11, 8.5],
			"rotation": {"angle": 0, "axis": "y", "origin": [8, 0, 8]},
			"faces": {
				"north": {"uv": [0, 1, 16, 4], "texture": "#scaffold"},
				"east": {"uv": [7, 1, 8, 4], "texture": "#scaffold", "cullface": "north"},
				"south": {"uv": [0, 1, 16, 4], "texture": "#scaffold"},
				"west": {"uv": [0, 0, 1, 3], "texture": "#scaffold"},
				"up": {"uv": [7, 0, 8, 16], "rotation": 90, "texture": "#scaffold"},
				"down": {"uv": [7, 0, 8, 16], "rotation": 270, "texture": "#scaffold"}
			}
		},
		{
			"name": "lower bar",
			"from": [0, 2, 7.5],
			"to": [16, 5, 8.5],
			"rotation": {"angle": 0, "axis": "y", "origin": [8, 0, 8]},
			"faces": {
				"north": {"uv": [0, 9, 16, 12], "texture": "#scaffold"},
				"east": {"uv": [7, 9, 8, 12], "texture": "#scaffold", "cullface": "north"},
				"south": {"uv": [0, 9, 16, 12], "texture": "#scaffold"},
				"west": {"uv": [0, 0, 1, 3], "texture": "#scaffold"},
				"up": {"uv": [7, 2, 8, 18], "rotation": 90, "texture": "#scaffold"},
				"down": {"uv": [7, 0, 8, 16], "rotation": 270, "texture": "#scaffold"}
			}
		},
		{
			"from": [9, 0, 7],
			"to": [15, 16, 9],
			"rotation": {"angle": 0, "axis": "y", "origin": [8, 0, 8]},
			"faces": {
				"north": {"uv": [0, 0, 6, 16], "texture": "#wall"},
				"east": {"uv": [0, 0, 2, 16], "texture": "#wall"},
				"south": {"uv": [0, 0, 6, 16], "texture": "#wall"},
				"west": {"uv": [0, 0, 2, 16], "texture": "#wall"},
				"up": {"uv": [0, 0, 2, 6], "rotation": 90, "texture": "#wall"},
				"down": {"uv": [0, 0, 2, 6], "rotation": 270, "texture": "#wall"}
			}
		},
		{
			"from": [1, 0, 7],
			"to": [7, 16, 9],
			"rotation": {"angle": 0, "axis": "y", "origin": [8, 0, 8]},
			"faces": {
				"north": {"uv": [0, 0, 6, 16], "texture": "#wall"},
				"east": {"uv": [0, 0, 2, 16], "texture": "#wall"},
				"south": {"uv": [0, 0, 6, 16], "texture": "#wall"},
				"west": {"uv": [0, 0, 2, 16], "texture": "#wall"},
				"up": {"uv": [0, 0, 2, 6], "rotation": 90, "texture": "#wall"},
				"down": {"uv": [0, 0, 2, 6], "rotation": 270, "texture": "#wall"}
			}
		},
		{
			"from": [-4, 0, 6],
			"to": [0, 19, 10],
			"rotation": {"angle": 0, "axis": "y", "origin": [8, 0, 8]},
			"faces": {
				"north": {"uv": [0, 0, 4, 16], "texture": "#texture"},
				"east": {"uv": [0, 0, 4, 16], "texture": "#texture"},
				"south": {"uv": [0, 0, 4, 16], "texture": "#texture"},
				"west": {"uv": [0, 0, 4, 16], "texture": "#texture"},
				"up": {"uv": [0, 0, 4, 4], "rotation": 90, "texture": "#texture"},
				"down": {"uv": [0, 0, 4, 4], "rotation": 270, "texture": "#texture"}
			}
		},
		{
			"from": [16, 0, 6],
			"to": [20, 19, 10],
			"rotation": {"angle": 0, "axis": "y", "origin": [8, 0, 8]},
			"faces": {
				"north": {"uv": [0, 0, 4, 16], "texture": "#texture"},
				"east": {"uv": [0, 0, 4, 16], "texture": "#texture"},
				"south": {"uv": [0, 0, 4, 16], "texture": "#texture"},
				"west": {"uv": [0, 0, 4, 16], "texture": "#texture"},
				"up": {"uv": [0, 0, 4, 4], "rotation": 90, "texture": "#texture"},
				"down": {"uv": [0, 0, 4, 4], "rotation": 270, "texture": "#texture"}
			}
		}
	],
	"display": {
		"thirdperson_righthand": {
			"rotation": [75, 45, 0],
			"translation": [0, 2.5, 0],
			"scale": [0.375, 0.375, 0.375]
		},
		"thirdperson_lefthand": {
			"rotation": [75, 45, 0],
			"translation": [0, 2.5, 0],
			"scale": [0.375, 0.375, 0.375]
		},
		"firstperson_righthand": {
			"rotation": [0, -45, 0],
			"scale": [0.4, 0.4, 0.4]
		},
		"firstperson_lefthand": {
			"rotation": [0, -45, 0],
			"scale": [0.4, 0.4, 0.4]
		},
		"ground": {
			"translation": [0, 3, 0],
			"scale": [0.25, 0.25, 0.25]
		},
		"gui": {
			"rotation": [30, 225, 0],
			"translation": [0, -0.75, 0],
			"scale": [0.625, 0.625, 0.625]
		},
		"head": {
			"translation": [0, -0.25, 0],
			"scale": [0.8, 0.8, 0.8]
		},
		"fixed": {
			"scale": [0.5, 0.5, 0.5]
		}
	}
}